"Gene.Names","Entry","phytoID","phytoAnnotation","Protein.names","Gene.Ontology.IDs","Gene.Ontology..biological.process.","Gene.Ontology..cellular.component.","Gene.Ontology..GO.","Gene.Ontology..molecular.function.","WT 32C vs WT 20C (mean)","WT 32C vs WT 20C (lfc)","WT 32C vs WT 20C (padj)","TS 32C vs TS 20C (mean)","TS 32C vs TS 20C (lfc)","TS 32C vs TS 20C (padj)","TS 20C vs WT 20C (mean)","TS 20C vs WT 20C (lfc)","TS 20C vs WT 20C (padj)","TS 32C vs WT 32C (mean)","TS 32C vs WT 32C (lfc)","TS 32C vs WT 32C (padj)"
"PHYPA_001922","A0A2K1LBU0","Pp3c1_41710","(1 of 2) PTHR11214//PTHR11214:SF141 - BETA-1,3-N-ACETYLGLUCOSAMINYLTRANSFERASE","Hexosyltransferase (EC 2.4.1.-)","GO:0000139; GO:0006486; GO:0016758","protein glycosylation [GO:0006486]","Golgi membrane [GO:0000139]","Golgi membrane [GO:0000139]; hexosyltransferase activity [GO:0016758]; protein glycosylation [GO:0006486]","hexosyltransferase activity [GO:0016758]",7.73147313530671,-0.176285839037863,0.4612314469001,65.6799094284482,0.0433076873581228,0.912066031800274,37.0655230948255,2.40768338970281,0.000772765343418489,36.7248348078724,3.55434977959518,8.83223370988313e-12
"PHYPA_004348","A9T3X7","Pp3c3_12530","(1 of 33) 4.1.1.39 - Ribulose-bisphosphate carboxylase / RuBP carboxylase","Ribulose bisphosphate carboxylase small subunit, chloroplastic (RuBisCO small subunit)","GO:0009507; GO:0009853; GO:0016984; GO:0019253","photorespiration [GO:0009853]; reductive pentose-phosphate cycle [GO:0019253]","chloroplast [GO:0009507]","chloroplast [GO:0009507]; ribulose-bisphosphate carboxylase activity [GO:0016984]; photorespiration [GO:0009853]; reductive pentose-phosphate cycle [GO:0019253]","ribulose-bisphosphate carboxylase activity [GO:0016984]",52.8364164118697,1.93320503042171,3.37480730769811e-05,349.467817350616,1.83389999999221,6.65493887928873e-05,80.0457578810163,2.6720277567462,3.2156865191121e-07,320.999304598258,2.44730215982958,0.000276681966595907
NA,NA,NA,NA,NA,NA,NA,NA,NA,NA,NA,NA,NA,NA,NA,NA,NA,NA,NA,NA,NA,NA
"PHYPA_006028","A0A2K1KMY3","Pp3c4_10770","(1 of 10) 1.6.5.2 - NAD(P)H dehydrogenase (quinone) / Vitamin-K reductase","Flavodoxin-like domain-containing protein","GO:0003955; GO:0010181; GO:0016020","","membrane [GO:0016020]","membrane [GO:0016020]; FMN binding [GO:0010181]; NAD(P)H dehydrogenase (quinone) activity [GO:0003955]","FMN binding [GO:0010181]; NAD(P)H dehydrogenase (quinone) activity [GO:0003955]",25.5312886383209,0.282547902045684,0.3570007959485,62.1036874626457,0.363433892790763,0.218902581040018,36.3640329079585,1.0541758492352,0.0498474139885021,51.2860610302402,1.14589348458303,0.000703688518727482
"PHYPA_006572","A0A2K1KPF4","Pp3c4_21630","(1 of 9) PF03181 - BURP domain (BURP)","BURP domain-containing protein","","","","","",209.226622738722,0.184540245381735,0.487473259381323,515.243304535059,0.0326794653979542,0.929034234114328,354.320838478244,1.32473115843942,9.6616580175861e-06,371.75532572003,1.16640158905199,5.32498657759233e-08
"PHYPA_006699","A0A2K1KPT9","Pp3c4_24610","(1 of 6) PTHR31942:SF15 - MLO-LIKE PROTEIN 11-RELATED","MLO-like protein","GO:0005516; GO:0006952; GO:0009607; GO:0016020","defense response [GO:0006952]; response to biotic stimulus [GO:0009607]","membrane [GO:0016020]","membrane [GO:0016020]; calmodulin binding [GO:0005516]; defense response [GO:0006952]; response to biotic stimulus [GO:0009607]","calmodulin binding [GO:0005516]",125.518491421713,0.182517048542315,0.525683775434654,357.529289765802,0.505570855371354,0.0617745971169791,200.468604023868,1.17095558011468,0.00172111600036237,283.119065335804,1.64556970950245,4.97225682071234e-14
"PHYPA_007340","A0A2K1KIS2","Pp3c5_6640","","Uncharacterized protein","","","","","",90.3330218579232,0.131897861983885,0.680171625487445,226.034012854758,-0.00902273089012468,0.981914708384555,157.685314944443,1.24444673772234,0.0110736182505787,159.586986860787,1.12057332562382,7.34133422412496e-05
"PHYPA_009769","A0A2K1K9X3","Pp3c7_1820","(1 of 5) PTHR24096:SF221 - PROTEIN ACS-13, ISOFORM C","AMP-dependent synthetase/ligase domain-containing protein","GO:0004467; GO:0005783; GO:0016020","","endoplasmic reticulum [GO:0005783]; membrane [GO:0016020]","endoplasmic reticulum [GO:0005783]; membrane [GO:0016020]; long-chain fatty acid-CoA ligase activity [GO:0004467]","long-chain fatty acid-CoA ligase activity [GO:0004467]",26.9225625691382,0.144755665889923,0.644557520459633,94.8546156429924,0.164113587407261,0.586969231784625,56.3286404860284,1.72951787036298,9.77190427578717e-05,65.7867853964888,1.6826027408787,1.40505475523577e-07
NA,NA,NA,NA,NA,NA,NA,NA,NA,NA,NA,NA,NA,NA,NA,NA,NA,NA,NA,NA,NA,NA
"PHYPA_011555","A0A2K1K7A4","Pp3c8_14900","(1 of 29) PTHR31867:SF30 - EXPANSIN-A5","Expansin","GO:0005576; GO:0009653; GO:0009664; GO:0016020","anatomical structure morphogenesis [GO:0009653]; plant-type cell wall organization [GO:0009664]","extracellular region [GO:0005576]; membrane [GO:0016020]","extracellular region [GO:0005576]; membrane [GO:0016020]; anatomical structure morphogenesis [GO:0009653]; plant-type cell wall organization [GO:0009664]","",40.7562286357167,-0.358188649601446,0.246127460112106,86.6831200296355,-0.964148965906021,0.00172465320835928,85.0859799089533,1.10525909487843,0.00427709633803907,43.0876267098001,0.36327447578876,0.166793310581729
"PHYPA_013972","A0A2K1JZ93","Pp3c10_16390","","Uncharacterized protein","","","","","",53.0909273187747,0.406885629834597,0.1637432250307,108.595193241976,-0.13768717743627,0.647567606531106,80.4485145870559,1.32926070852453,0.000229474165783965,81.4918092201833,0.519945182864232,0.0504254167870894
NA,NA,NA,NA,NA,NA,NA,NA,NA,NA,NA,NA,NA,NA,NA,NA,NA,NA,NA,NA,NA,NA
"PHYPA_016181","A9TWX2","Pp3c12_12340","(1 of 33) 4.1.1.39 - Ribulose-bisphosphate carboxylase / RuBP carboxylase","Ribulose bisphosphate carboxylase small subunit, chloroplastic (RuBisCO small subunit)","GO:0009507; GO:0009853; GO:0016984; GO:0019253","photorespiration [GO:0009853]; reductive pentose-phosphate cycle [GO:0019253]","chloroplast [GO:0009507]","chloroplast [GO:0009507]; ribulose-bisphosphate carboxylase activity [GO:0016984]; photorespiration [GO:0009853]; reductive pentose-phosphate cycle [GO:0019253]","ribulose-bisphosphate carboxylase activity [GO:0016984]",213.634613854225,-0.278882667358103,0.237666902678477,642.927492871224,-0.0390858675196962,0.921907690951346,457.286693703936,1.38829350388371,2.64962718262351e-06,402.386923341873,1.41094686828657,0.0126711459014231
"PHYPA_017392","A9T396","Pp3c13_14910","(1 of 25) PF06985 - Heterokaryon incompatibility protein (HET) (HET)","Heterokaryon incompatibility domain-containing protein","","","","","",154.929373273011,-0.186486061994071,0.492468796257447,375.378377085866,-0.123286829302197,0.682326713912993,287.321220144895,1.11714809977725,0.000902697227666638,244.814407990084,1.30656021820402,3.62657933281363e-11
"PHYPA_018437","A9RYX0","Pp3c14_12730","(1 of 9) PTHR33132:SF13 - SERINE-RICH PROTEIN-LIKE PROTEIN","Uncharacterized protein","","","","","",153.102415574922,0.0915949763251705,0.778562571772813,361.041430215456,0.0748215258700956,0.811630761959659,250.983525510471,1.16162539877231,0.000183165422677582,264.330757610282,1.16949669679887,8.77604203999205e-07
"PHYPA_019722","A9SQM2","Pp3c15_13950","(1 of 3) PTHR31235:SF11 - PEROXIDASE 21","Peroxidase (EC 1.11.1.7)","GO:0005576; GO:0006979; GO:0020037; GO:0042744; GO:0046872; GO:0140825","hydrogen peroxide catabolic process [GO:0042744]; response to oxidative stress [GO:0006979]","extracellular region [GO:0005576]","extracellular region [GO:0005576]; heme binding [GO:0020037]; lactoperoxidase activity [GO:0140825]; metal ion binding [GO:0046872]; hydrogen peroxide catabolic process [GO:0042744]; response to oxidative stress [GO:0006979]","heme binding [GO:0020037]; lactoperoxidase activity [GO:0140825]; metal ion binding [GO:0046872]",20.9135321856898,-1.37363242523561,0.0137114192800155,99.0102419430666,-0.188697135045114,0.558241279728043,74.9310709741591,1.57528341316293,0.00556641819281937,45.9994525374927,2.98893312020239,4.20311987344847e-07
"PHYPA_022860","A0A2K1J0B3","Pp3c18_7950","","Uncharacterized protein","","","","","",121.584059140103,-0.0923684590249597,0.755369758383024,394.075162651816,-0.0411684108401799,0.906855065434542,268.490256128195,1.60313671797984,6.68775910292789e-09,248.922255885456,1.71702646356396,4.77498501046416e-16
"PHYPA_024107","A0A2K1IYE0","Pp3c19_14130","(1 of 12) PTHR14187//PTHR14187:SF5 - ALPHA KINASE/ELONGATION FACTOR 2 KINASE","Uncharacterized protein","GO:0005524; GO:0140662","","","ATP binding [GO:0005524]; ATP-dependent protein folding chaperone [GO:0140662]","ATP binding [GO:0005524]; ATP-dependent protein folding chaperone [GO:0140662]",22.6164741661798,-0.415282258224575,0.197655665726171,76.9642649020522,-0.344845807428578,0.287437491369475,61.8870891684156,1.40764185069403,0.0148799817290727,38.2651900774526,1.82358038073273,1.8145832804728e-05
"PHYPA_026115","A9SXC8","Pp3c21_13440","(1 of 2) PTHR35764:SF1 - SHORTAGE IN CHIASMATA 1","Uncharacterized protein","GO:0000712","resolution of meiotic recombination intermediates [GO:0000712]","","resolution of meiotic recombination intermediates [GO:0000712]","",11.3535983767978,0.0313786790805197,0.919723350992572,64.161516328216,0.348823298232369,0.27251832758477,31.7445405471324,1.9330495923293,0.00942385707750862,43.9996398106272,2.59105228167778,1.03760772808129e-10
"PHYPA_026534","Q84V42","Pp3c22_630","(1 of 7) PTHR31692:SF3 - BETA EXPANSIN 6-RELATED","Beta-expansin 1","GO:0005576; GO:0009653; GO:0019953","anatomical structure morphogenesis [GO:0009653]; sexual reproduction [GO:0019953]","extracellular region [GO:0005576]","extracellular region [GO:0005576]; anatomical structure morphogenesis [GO:0009653]; sexual reproduction [GO:0019953]","",103.29136184456,-1.52767148335443,1.29575559763914e-05,322.853263365471,-1.88104229177756,5.72485715426856e-08,341.605203645235,1.59287790096889,6.17291448915012e-05,88.9198466982417,1.25732434226746,0.000542526161667521
"PHYPA_026986","A0A2K1IN22","Pp3c22_10630","(1 of 16) PF00069//PF00560//PF08263//PF13855 - Protein kinase domain (Pkinase)  // Leucine Rich Repeat (LRR_1)  // Leucine rich repeat N-terminal domain (LRRNT_2)  // Leucine rich repeat (LRR_8)","Protein kinase domain-containing protein","GO:0004672; GO:0005524; GO:0005886; GO:0006468","protein phosphorylation [GO:0006468]","plasma membrane [GO:0005886]","plasma membrane [GO:0005886]; ATP binding [GO:0005524]; protein kinase activity [GO:0004672]; protein phosphorylation [GO:0006468]","ATP binding [GO:0005524]; protein kinase activity [GO:0004672]",13.3714577422632,-0.20959194955933,0.412443060197929,65.0614806068293,-0.0982450449738163,0.766797160112032,45.3057670442969,1.66140934652893,0.0367240137550359,33.6335694752687,2.3678320405912,0.000102476266390022
"PHYPA_029552","A9U3Y2","Pp3c25_3920","(1 of 59) PTHR22814:SF105 - HEAVY METAL TRANSPORT/DETOXIFICATION DOMAIN-CONTAINING PROTEIN","Predicted protein","GO:0046872; GO:0050896","response to stimulus [GO:0050896]","","metal ion binding [GO:0046872]; response to stimulus [GO:0050896]","metal ion binding [GO:0046872]",42.922143292058,-0.751268982608021,0.0501562248506616,177.27602846605,-0.434946582970861,0.203153181296648,144.680065838301,1.82985898476846,1.80661401516121e-05,77.112127303624,2.03113402459937,9.66189430803188e-05
"PHYPA_029563","A0A2K1IDQ1","Pp3c25_4280","","Uncharacterized protein","","","","","",292.445124606002,-0.111237607230998,0.691458310539636,643.018597887813,-0.201678026418134,0.500972203836204,516.201998129791,1.05243890400038,0.00598496229364595,422.651511961446,1.02994648060463,9.97592010327395e-08
"PHYPA_029565","A0A2K1IDR7","Pp3c25_4310","(1 of 2) PTHR10381//PTHR10381:SF18 - ATP-DEPENDENT CLP PROTEASE PROTEOLYTIC SUBUNIT","ATP-dependent Clp protease proteolytic subunit","GO:0004176; GO:0004252; GO:0006515; GO:0009368; GO:0009536; GO:0051117","protein quality control for misfolded or incompletely synthesized proteins [GO:0006515]","endopeptidase Clp complex [GO:0009368]; plastid [GO:0009536]","endopeptidase Clp complex [GO:0009368]; plastid [GO:0009536]; ATP-dependent peptidase activity [GO:0004176]; ATPase binding [GO:0051117]; serine-type endopeptidase activity [GO:0004252]; protein quality control for misfolded or incompletely synthesized proteins [GO:0006515]","ATP-dependent peptidase activity [GO:0004176]; ATPase binding [GO:0051117]; serine-type endopeptidase activity [GO:0004252]",605.255284797855,0.185674494356287,0.302772687808269,1336.71372018806,0.197875772972821,0.314249886349346,909.763495040701,1.10353583385044,1.97540217269006e-09,1034.94944842921,1.15247037917746,1.06232112318084e-16
"PHYPA_029566","A0A2K1IDR2","Pp3c25_4320","(1 of 3) 1.3.1.22 - 3-oxo-5-alpha-steroid 4-dehydrogenase (NADP(+)) / Cholestenone 5-alpha-reductase","Steroid 5-alpha reductase C-terminal domain-containing protein","GO:0006629; GO:0016020; GO:0016627","lipid metabolic process [GO:0006629]","membrane [GO:0016020]","membrane [GO:0016020]; oxidoreductase activity, acting on the CH-CH group of donors [GO:0016627]; lipid metabolic process [GO:0006629]","oxidoreductase activity, acting on the CH-CH group of donors [GO:0016627]",84.932583020173,0.894589544440979,0.00121502052522622,341.841194614428,1.0871306862534,0.000158470074775599,134.163311195321,1.83352449401048,1.5240024257937e-10,292.303915320525,2.04253268159911,1.33138244713682e-14
"PHYPA_029567","A9TVY3",NA,NA,"Brix domain-containing protein","GO:0005730; GO:0006364; GO:0030515; GO:0032040; GO:0034457; GO:0042134","rRNA processing [GO:0006364]","Mpp10 complex [GO:0034457]; nucleolus [GO:0005730]; small-subunit processome [GO:0032040]","Mpp10 complex [GO:0034457]; nucleolus [GO:0005730]; small-subunit processome [GO:0032040]; rRNA primary transcript binding [GO:0042134]; snoRNA binding [GO:0030515]; rRNA processing [GO:0006364]","rRNA primary transcript binding [GO:0042134]; snoRNA binding [GO:0030515]",120.124988813097,-0.000772430725780529,0.99762744991841,247.613997469563,-0.347161097272386,0.160998370470077,205.518106322616,1.10277275726655,0.00301671338730664,163.45547104558,0.727618736204267,0.00293705329612171
"PHYPA_029576","A0A2K1IDS2","Pp3c25_4520","(1 of 16) PTHR32370:SF6 - ROOT PHOTOTROPISM PROTEIN 3","NPH3 domain-containing protein","GO:0016567","protein ubiquitination [GO:0016567]","","protein ubiquitination [GO:0016567]","",84.3419239405395,0.34014394258014,0.26334077712551,214.547575450356,-0.00928104494865477,0.981490733437915,143.80258261505,1.48086407030766,0.00271493452788531,155.542509561761,0.98210607098286,0.0009350194507984
"PHYPA_029589","A4PHN3","Pp3c25_4870","(1 of 1) PTHR22942:SF37 - DNA REPAIR PROTEIN RECA HOMOLOG 1, CHLOROPLASTIC","RecA","GO:0003697; GO:0005524; GO:0006281; GO:0006310; GO:0140664","DNA recombination [GO:0006310]; DNA repair [GO:0006281]","","ATP binding [GO:0005524]; ATP-dependent DNA damage sensor activity [GO:0140664]; single-stranded DNA binding [GO:0003697]; DNA recombination [GO:0006310]; DNA repair [GO:0006281]","ATP binding [GO:0005524]; ATP-dependent DNA damage sensor activity [GO:0140664]; single-stranded DNA binding [GO:0003697]",568.792795809916,-0.0129012940404789,0.960482521760378,1167.1481530719,-0.0211184231171524,0.942581646251074,887.306129877021,1.00827689597803,2.04674837454946e-08,852.291546680471,1.02361964390073,4.60150395080368e-11
"PHYPA_029590","A0A2K1IDT4","Pp3c25_4880","(1 of 1) PTHR31833:SF2 - UPF0690 PROTEIN C1ORF52","NF-kappa-B-activating protein C-terminal domain-containing protein","","","","","",106.540203472154,0.362857055120408,0.140241740494016,196.711078235838,0.00508459595525894,0.988886753419328,145.040651618836,1.03329659927459,0.000604754139222975,158.48000706882,0.613929104587769,0.00416755216573803
"PHYPA_029604","A0A2K1IDV0","Pp3c25_5150","(1 of 2) PTHR10825:SF43 - E3 UBIQUITIN-PROTEIN LIGASE RING1A-RELATED","RING-type domain-containing protein","GO:0046872","","","metal ion binding [GO:0046872]","metal ion binding [GO:0046872]",315.162070699295,0.146486354589954,0.544528614625423,667.18457408372,0.139124025822643,0.482636911129705,469.832401532378,1.03432504247228,1.0605584917224e-05,513.962524771156,1.07051732132115,8.35603559459996e-15
"PHYPA_029610","A9SKF3","Pp3c25_5270","(1 of 1) PTHR11122:SF15 - NDH-DEPENDENT CYCLIC ELECTRON FLOW 5","C2 NT-type domain-containing protein","GO:0005737; GO:0005975; GO:0030246; GO:0047938","carbohydrate metabolic process [GO:0005975]","cytoplasm [GO:0005737]","cytoplasm [GO:0005737]; carbohydrate binding [GO:0030246]; glucose-6-phosphate 1-epimerase activity [GO:0047938]; carbohydrate metabolic process [GO:0005975]","carbohydrate binding [GO:0030246]; glucose-6-phosphate 1-epimerase activity [GO:0047938]",199.696047207742,-0.098089759176459,0.702811492060557,511.509673995101,-0.210051945812357,0.459742769725819,391.497702598938,1.36379381331521,1.3821980838394e-06,322.451404247013,1.24145527629439,1.24915176384776e-09
"PHYPA_029611","A0A2K1IDV4","Pp3c25_5290","(1 of 736) 2.7.11.1 - Non-specific serine/threonine protein kinase / Threonine-specific protein kinase","Protein kinase domain-containing protein","GO:0004672; GO:0005524; GO:0006468","protein phosphorylation [GO:0006468]","","ATP binding [GO:0005524]; protein kinase activity [GO:0004672]; protein phosphorylation [GO:0006468]","ATP binding [GO:0005524]; protein kinase activity [GO:0004672]",346.264974769533,0.462825092175659,0.00872784208608058,842.512107399859,0.411827983568533,0.0733002288821872,500.467595311454,1.23426086538294,1.47790563583904e-06,688.861177368147,1.27123760869539,2.74644461914853e-17
"PHYPA_029614","A9SKF6","Pp3c25_5330","(1 of 1) PTHR24055:SF79 - MITOGEN-ACTIVATED PROTEIN KINASE 15","Mitogen-activated protein kinase (EC 2.7.11.24)","GO:0004674; GO:0004707; GO:0005524; GO:0005634; GO:0005737; GO:0006468; GO:0035556","intracellular signal transduction [GO:0035556]; protein phosphorylation [GO:0006468]","cytoplasm [GO:0005737]; nucleus [GO:0005634]","cytoplasm [GO:0005737]; nucleus [GO:0005634]; ATP binding [GO:0005524]; MAP kinase activity [GO:0004707]; protein serine/threonine kinase activity [GO:0004674]; intracellular signal transduction [GO:0035556]; protein phosphorylation [GO:0006468]","ATP binding [GO:0005524]; MAP kinase activity [GO:0004707]; protein serine/threonine kinase activity [GO:0004674]",24.422066543578,0.0850005169898799,0.800729730117453,66.7892352515421,0.106419930532777,0.756874599222242,43.5326307166025,1.25723872910685,0.0135941791066602,47.8807061141064,1.31664175443048,0.000193169229468593
"PHYPA_029620","A0A2K1IDW0","Pp3c25_5440","(1 of 2) 2.1.1.189//2.1.1.190 - 23S rRNA (uracil(1939)-C(5))-methyltransferase / RNA uridine methyltransferase A","TRAM domain-containing protein","GO:0006396; GO:0008173","RNA processing [GO:0006396]","","RNA methyltransferase activity [GO:0008173]; RNA processing [GO:0006396]","RNA methyltransferase activity [GO:0008173]",267.850561558929,-0.0730182396608714,0.789769826739482,610.649905669163,-0.210336719520325,0.499315548841553,485.906120228531,1.16194772488666,0.0020517615447148,395.799107761994,1.01800972287092,2.7720252448141e-06
"PHYPA_029621","A0A2K1IDW4","Pp3c25_5450","","Uncharacterized protein","","","","","",80.4260049713846,0.190749869125312,0.519075458147469,157.851183486771,-0.127014801006991,0.70868036665785,122.877913996778,1.03138744516193,0.0217662296940648,115.853109158514,0.543886450443382,0.0561525478085948
"PHYPA_029631","A9SKH1","Pp3c25_5630","(1 of 1) PTHR11669:SF1 - REPLICATION FACTOR C SUBUNIT 3","AAA+ ATPase domain-containing protein","GO:0003677; GO:0005634; GO:0005663; GO:0006261; GO:0006281","DNA repair [GO:0006281]; DNA-templated DNA replication [GO:0006261]","DNA replication factor C complex [GO:0005663]; nucleus [GO:0005634]","DNA replication factor C complex [GO:0005663]; nucleus [GO:0005634]; DNA binding [GO:0003677]; DNA repair [GO:0006281]; DNA-templated DNA replication [GO:0006261]","DNA binding [GO:0003677]",174.835181264577,-0.223179448410223,0.342375054431222,352.717675290021,-0.466466373553837,0.0211765407693157,308.664248284022,1.05014463005494,2.19472951378597e-05,220.964726514595,0.839592034724784,8.40166349186963e-06
"PHYPA_029634","A0A2K1IDY0","Pp3c25_5720","(1 of 2) PTHR30557 - THIAMINE BIOSYNTHESIS PROTEIN THIC","Uncharacterized protein","GO:0009228; GO:0016830; GO:0046872; GO:0051539","thiamine biosynthetic process [GO:0009228]","","4 iron, 4 sulfur cluster binding [GO:0051539]; carbon-carbon lyase activity [GO:0016830]; metal ion binding [GO:0046872]; thiamine biosynthetic process [GO:0009228]","4 iron, 4 sulfur cluster binding [GO:0051539]; carbon-carbon lyase activity [GO:0016830]; metal ion binding [GO:0046872]",1240.07657361797,0.315427596403496,0.261526059461822,3839.84988027833,0.429313980730363,0.0885045497490772,2126.23245602345,1.45683136009734,0.000218485309763053,2961.22675327382,1.65341678840758,4.06126723186237e-19
"PHYPA_029642","A0A2K1IDZ6","Pp3c25_5870","(1 of 4) 1.1.1.3//2.7.2.4 - Aspartate kinase / Aspartokinase","ACT domain-containing protein","GO:0004072; GO:0004412; GO:0005524; GO:0009067; GO:0009086; GO:0009088; GO:0009089; GO:0009090; GO:0016310; GO:0050661","aspartate family amino acid biosynthetic process [GO:0009067]; homoserine biosynthetic process [GO:0009090]; lysine biosynthetic process via diaminopimelate [GO:0009089]; methionine biosynthetic process [GO:0009086]; phosphorylation [GO:0016310]; threonine biosynthetic process [GO:0009088]","","aspartate kinase activity [GO:0004072]; ATP binding [GO:0005524]; homoserine dehydrogenase activity [GO:0004412]; NADP binding [GO:0050661]; aspartate family amino acid biosynthetic process [GO:0009067]; homoserine biosynthetic process [GO:0009090]; lysine biosynthetic process via diaminopimelate [GO:0009089]; methionine biosynthetic process [GO:0009086]; phosphorylation [GO:0016310]; threonine biosynthetic process [GO:0009088]","aspartate kinase activity [GO:0004072]; ATP binding [GO:0005524]; homoserine dehydrogenase activity [GO:0004412]; NADP binding [GO:0050661]",741.289395250737,0.58038825850593,0.00407637389603596,1449.32954149811,0.0746141032680723,0.844355878294827,995.565234001698,1.0548873305067,0.0221733703334355,1196.46130797335,0.705153941254158,0.000185087734252756
"PHYPA_029659","A0A2K1IE15","Pp3c25_6240","(1 of 3) PTHR33477:SF3 - EMB","Uncharacterized protein","","","","","",157.373228601025,0.57895537849168,0.0120885659183021,451.465999406196,0.617361247229556,0.00383446448909162,237.383563286937,1.4544232549634,1.28925843424544e-08,371.648744936289,1.51593101464432,9.08025044483531e-16
"PHYPA_029666","A0A2K1IE10","Pp3c25_6350","(1 of 1) PTHR10894:SF0 - NUCLEOLAR PROTEIN 56","Nop domain-containing protein","GO:0005730; GO:0030515; GO:0031428; GO:0032040; GO:0042254","ribosome biogenesis [GO:0042254]","box C/D RNP complex [GO:0031428]; nucleolus [GO:0005730]; small-subunit processome [GO:0032040]","box C/D RNP complex [GO:0031428]; nucleolus [GO:0005730]; small-subunit processome [GO:0032040]; snoRNA binding [GO:0030515]; ribosome biogenesis [GO:0042254]","snoRNA binding [GO:0030515]",73.4592415546202,0.268100721168071,0.337233980876417,197.870437392117,0.295793336718347,0.332380309083813,117.256765476969,1.2194584764554,0.00593333390832966,154.4345682044,1.41569000353097,4.33213301676233e-09
"PHYPA_029668","A0A2K1IE08","Pp3c25_6380","(1 of 5) KOG0940 - Ubiquitin protein ligase RSP5/NEDD4","HECT-type E3 ubiquitin transferase (EC 2.3.2.26)","GO:0000209; GO:0006511; GO:0061630","protein polyubiquitination [GO:0000209]; ubiquitin-dependent protein catabolic process [GO:0006511]","","ubiquitin protein ligase activity [GO:0061630]; protein polyubiquitination [GO:0000209]; ubiquitin-dependent protein catabolic process [GO:0006511]","ubiquitin protein ligase activity [GO:0061630]",238.762846722747,-0.061911411795868,0.827856769343861,512.57009984708,-0.4995914684954,0.03450751385021,436.880563884276,1.26271586200834,1.84185739060926e-06,317.509914258472,0.780686572523796,6.79481430086564e-05
"PHYPA_029674","A0A2K1IE25",NA,NA,"1,3-beta-glucan synthase (EC 2.4.1.34) (1,3-beta-glucan synthase)","GO:0000148; GO:0003843; GO:0005886; GO:0006075; GO:0008360; GO:0046527; GO:0071555","(1->3)-beta-D-glucan biosynthetic process [GO:0006075]; cell wall organization [GO:0071555]; regulation of cell shape [GO:0008360]","1,3-beta-D-glucan synthase complex [GO:0000148]; plasma membrane [GO:0005886]","1,3-beta-D-glucan synthase complex [GO:0000148]; plasma membrane [GO:0005886]; 1,3-beta-D-glucan synthase activity [GO:0003843]; glucosyltransferase activity [GO:0046527]; (1->3)-beta-D-glucan biosynthetic process [GO:0006075]; cell wall organization [GO:0071555]; regulation of cell shape [GO:0008360]","1,3-beta-D-glucan synthase activity [GO:0003843]; glucosyltransferase activity [GO:0046527]",540.908601629562,0.380217020606957,0.0726594140510445,1094.23354622089,0.151172935429798,0.539373419757808,751.641666622034,1.09828192687269,1.10716843575803e-05,884.883116029296,0.876147441330326,6.39534951828995e-07
"PHYPA_029681","A0A2K1IE20","Pp3c25_6660","(1 of 1) PTHR33791:SF1 - CHAPERONIN-LIKE RBCX PROTEIN","Chaperonin-like RBCX protein 1, chloroplastic","GO:0015977; GO:0015979; GO:0044183; GO:0110102","carbon fixation [GO:0015977]; photosynthesis [GO:0015979]; ribulose bisphosphate carboxylase complex assembly [GO:0110102]","","protein folding chaperone [GO:0044183]; carbon fixation [GO:0015977]; photosynthesis [GO:0015979]; ribulose bisphosphate carboxylase complex assembly [GO:0110102]","protein folding chaperone [GO:0044183]",453.809369991594,0.126405533475152,0.609590327176828,1050.74758331559,0.177702025189871,0.397540026928138,712.604233809358,1.12684292466967,1.84185739060926e-06,794.451206894812,1.2330728562437,2.74644461914853e-17
"PHYPA_029687","A9SKM5","Pp3c25_6760","","VQ domain-containing protein","","","","","",34.0159157997998,0.225960892136079,0.462358959665888,147.017463946854,1.2592931604417,9.95299977624778e-06,56.7622217160671,1.34002882090304,0.00390012986577633,124.203942040974,2.4005488488727,7.58717866761496e-19
"PHYPA_029688","A9SKM6","Pp3c25_6770","(1 of 3) PTHR21461:SF0 - PROTEIN C01G5.9-RELATED","Glycosyltransferase family 92 protein (EC 2.4.1.-)","GO:0016020; GO:0016757","","membrane [GO:0016020]","membrane [GO:0016020]; glycosyltransferase activity [GO:0016757]","glycosyltransferase activity [GO:0016757]",106.530112203314,-0.125421729961854,0.673925416599612,232.493785481964,-0.246230510409251,0.282978549775897,187.773213063937,1.09155920540223,0.000100036174183188,152.388880691908,1.01551906354749,8.40166349186963e-06
"PHYPA_029689","A9SKN4","Pp3c25_6940","(1 of 8) PTHR11945:SF173 - MADS-BOX FAMILY PROTEIN","MADS-box domain-containing protein","GO:0000978; GO:0000981; GO:0005634; GO:0006357; GO:0045944; GO:0046983","positive regulation of transcription by RNA polymerase II [GO:0045944]; regulation of transcription by RNA polymerase II [GO:0006357]","nucleus [GO:0005634]","nucleus [GO:0005634]; DNA-binding transcription factor activity, RNA polymerase II-specific [GO:0000981]; protein dimerization activity [GO:0046983]; RNA polymerase II cis-regulatory region sequence-specific DNA binding [GO:0000978]; positive regulation of transcription by RNA polymerase II [GO:0045944]; regulation of transcription by RNA polymerase II [GO:0006357]","DNA-binding transcription factor activity, RNA polymerase II-specific [GO:0000981]; protein dimerization activity [GO:0046983]; RNA polymerase II cis-regulatory region sequence-specific DNA binding [GO:0000978]",22.1961133661633,0.0345802184081969,0.924204702669796,79.6093252874253,0.594439589391443,0.0495217918488677,40.949235070964,1.20467737837403,0.0253421348276198,60.9994000138183,2.03141822083384,8.05102298057834e-09
"PHYPA_029692","A0A2K1IE47","Pp3c25_6990","(1 of 3) 2.4.1.15//3.1.3.12 - Alpha,alpha-trehalose-phosphate synthase (UDP-forming) / UDP-glucose--glucose-phosphate glucosyltransferase // Trehalose-phosphatase / Trehalose 6-phosphate phosphatase","Uncharacterized protein","GO:0003825; GO:0005992; GO:0070413","trehalose biosynthetic process [GO:0005992]; trehalose metabolism in response to stress [GO:0070413]","","alpha,alpha-trehalose-phosphate synthase (UDP-forming) activity [GO:0003825]; trehalose biosynthetic process [GO:0005992]; trehalose metabolism in response to stress [GO:0070413]","alpha,alpha-trehalose-phosphate synthase (UDP-forming) activity [GO:0003825]",35.1982933506132,-1.43471396003393,0.000588391582184874,117.48281438574,-0.419263859856729,0.0990289254637118,97.363276826313,1.26491562430322,0.00034352375859627,56.357553383612,2.43632532196627,3.29855869510894e-12
"PHYPA_029706","A0A2K1IE48","Pp3c25_7170","(1 of 3) 1.14.13.122 - Chlorophyllide-a oxygenase / Cholorophyll-b synthase","Uncharacterized protein","","","","","",79.3157818451925,0.123892947424266,0.696028700527159,199.154442595754,0.206618291505557,0.486528614522572,128.140284757708,1.15067012125466,0.00123147483434465,150.776740633409,1.3049045502802,4.15123216952097e-06
"PHYPA_029707","A0A2K1IE49","Pp3c25_7180","(1 of 4) PTHR11638:SF90 - CHAPERONE PROTEIN CLPC2, CHLOROPLASTIC","Clp R domain-containing protein","GO:0005524; GO:0016887","","","ATP binding [GO:0005524]; ATP hydrolysis activity [GO:0016887]","ATP binding [GO:0005524]; ATP hydrolysis activity [GO:0016887]",457.051531820805,0.870914841420454,7.71809715028363e-05,1015.49021860781,0.607629078244799,0.00892609334741401,552.633221426508,1.21621655353024,0.000106458779879061,918.543880567241,1.05455645699055,5.25588489646242e-12
"PHYPA_029710","A0A2K1IE55","Pp3c25_7300","(1 of 2) PTHR35492:SF1 - TRANSDUCIN/WD40 DOMAIN-CONTAINING PROTEIN-LIKE PROTEIN","Uncharacterized protein","","","","","",174.859126524796,-0.297061135874443,0.167648783909657,328.943483851561,-0.903247141271752,4.80627403086452e-06,320.016572361563,1.09201516629045,8.81182343992414e-07,186.127833595347,0.467665719759949,0.0259609288059543
"PHYPA_029711","A0A2K1IE52","Pp3c25_7310","(1 of 11) 3.4.22.68 - Ulp1 peptidase / Ulp1 protease","Ubiquitin-like protease family profile domain-containing protein","GO:0006508; GO:0008234","proteolysis [GO:0006508]","","cysteine-type peptidase activity [GO:0008234]; proteolysis [GO:0006508]","cysteine-type peptidase activity [GO:0008234]",166.457312389577,1.11605297100122,1.23405546020386e-07,366.887504799426,0.750844827315176,0.00160236266525027,185.654950378156,1.27365734574315,4.53938010087253e-05,346.843765393288,1.01276243207959,5.32988638383695e-10
"PHYPA_029722","A9SKR2","Pp3c25_7490","(1 of 4) PTHR10174:SF125 - GENOMIC DNA, CHROMOSOME 3, P1 CLONE: MCB17-RELATED","CRAL-TRIO domain-containing protein","","","","","",314.372585518679,0.556756347957661,0.00126263948738969,765.531342599185,0.152013174493698,0.465709531288109,491.800750385463,1.50024761979719,1.93105270513452e-14,589.48459195955,1.09754846417601,1.84455224446516e-15
"PHYPA_029725","A0A2K1IE76","Pp3c25_7620","","Uncharacterized protein","","","","","",177.750110518886,0.353272524796671,0.112038260958808,373.128721240552,0.310679397638454,0.155829177628484,242.324563354959,1.02607668406471,9.01539866615653e-05,308.863595582563,1.02300089813434,1.47612198498035e-08
"PHYPA_029736","A0A2K1IE78","Pp3c25_7980","","Uncharacterized protein","GO:0010150","leaf senescence [GO:0010150]","","leaf senescence [GO:0010150]","",211.243143119674,0.34557712589897,0.150166905933242,489.587562032304,0.385842646264521,0.019455351147664,303.217948027912,1.16169828650004,1.84185739060926e-06,397.977177374034,1.19822041987278,5.13112192746612e-12
"PHYPA_029742","A0A2K1IE97",NA,NA,"Caprin-1 dimerization domain-containing protein","","","","","",446.54768118433,-0.164140098320563,0.422530775099531,853.37188082594,-0.40951076567988,0.0523759856178358,744.965635796506,1.01319305909089,5.82436017572037e-07,559.139301367045,0.742857859104353,5.73002555866564e-05
